Marca,Modelo_LCD,Precio
SAMSUNG,A01,48000.0
SAMSUNG,A02 MARCO,58000.0
SAMSUNG,A02-A12-M12,47000.0
SAMSUNG,A02S-A03-A03S-A04E,46000.0
SAMSUNG,A02S MARCO,55000.0
SAMSUNG,A03S MARCO,55000.0
SAMSUNG,A03 MARCO,53000.0
SAMSUNG,A03 CORE,47000.0
SAMSUNG,A03 CORE MARCO,55000.0
SAMSUNG,47A04 INCELL,51000.0
SAMSUNG,A04 MARCO,54000.0
SAMSUNG,A04S INCELL,50000.0
SAMSUNG,A04S MARCO INCELL,55000.0
SAMSUNG,A05 INCELL,50000.0
SAMSUNG,A05 MARCO,56000.0
SAMSUNG,A05S INCELL,49000.0
SAMSUNG,A05S MARCO ,58000.0
SAMSUNG,A06,49000.0
SAMSUNG,J2 PRIME,47000.0
SAMSUNG,J2 CORE,45000.0
SAMSUNG,J4 INCELL,48000.0
SAMSUNG,J4 PLUS-J6 PLUS ,49000.0
SAMSUNG,J5 INCELL,50000.0
SAMSUNG,J5 PRIME,49000.0
SAMSUNG,J6 INCELL,47000.0
SAMSUNG,J7 PRIME,46000.0
SAMSUNG,J7 INCELL,48000.0
SAMSUNG,J8-J8 PLUS,48000.0
SAMSUNG,A6 PLUS INCELL,55000.0
SAMSUNG,A10 INCELL,45000.0
SAMSUNG,A10 MARCO,50000.0
SAMSUNG,A10S INCELL,50000.0
SAMSUNG,A10S MARCO,53000.0
SAMSUNG,A11 INCELL,52000.0
SAMSUNG,A11 MARCO,56000.0
SAMSUNG,A12 MARCO,53000.0
SAMSUNG,A13 INCELL,48000.0
SAMSUNG,A13 MARCO,53000.0
SAMSUNG,A14 INCELL 4G,57000.0
SAMSUNG,A14 INCELL 5G,53000.0
SAMSUNG,A14 5G MARCO,54000.0
SAMSUNG,A15 MARCO,52000.0
SAMSUNG,A15 INCELL,52000.0
SAMSUNG,A16 MARCO,64000.0
SAMSUNG,A20 INCELL,49000.0
SAMSUNG,A20 MARCO,53000.0
SAMSUNG,A20S INCELL,50000.0
SAMSUNG,A20S MARCO,53000.0
SAMSUNG,A21S INCELL,49000.0
SAMSUNG,A21S MARCO,52000.0
SAMSUNG,A22 MARCO 4G,56000.0
SAMSUNG,A22 INCELL 5G,48000.0
SAMSUNG,A22 MARCO 5G,56000.0
SAMSUNG,A23 INCELL,52000.0
SAMSUNG,A23 MARCO,59000.0
SAMSUNG,A24 INCELL,58000.0
SAMSUNG,A24 MARCO,59000.0
SAMSUNG,A24 MARCO OLED,145000.0
SAMSUNG,A25 MARCO,57000.0
SAMSUNG,A25 MARCO OLED,140000.0
SAMSUNG,A30 INCELL,51000.0
SAMSUNG,A30-A50 MARCO,53000.0
SAMSUNG,A30-A50 OLED,115000.0
SAMSUNG,A30S INCELL,51000.0
SAMSUNG,A30S MARCO,53000.0
SAMSUNG,A30S OLED,125000.0
SAMSUNG,A31 MARCO,55000.0
SAMSUNG,M31 MARCO,59000.0
SAMSUNG,A32 MARCO,56000.0
SAMSUNG,A32 MARCO 4G OLED,118000.0
SAMSUNG,A33MARCO4G,70000.0
SAMSUNG,A34 MARCO,63000.0
SAMSUNG,A34 MARCO OLED,160000.0
SAMSUNG,A35 MARCO,69000.0
SAMSUNG,A35 MARCO OLED,170000.0
SAMSUNG,A51 MARCO,58000.0
SAMSUNG,A51 MARCO OLED,120000.0
SAMSUNG,A52 MARCO,67000.0
SAMSUNG,A52 MARCO OLED,155000.0
SAMSUNG,A52 VIDVIE,80000.0
SAMSUNG,A53 MARCO,74000.0
SAMSUNG,A53 MARCO OLED,135000.0
SAMSUNG,A54 INCELL,57000.0
SAMSUNG,A54 MARCO,75000.0
SAMSUNG,A70 MARCO,57000.0
SAMSUNG,A70 MARCO OLED,150000.0
SAMSUNG,A71MARCO,56000.0
SAMSUNG,A71 MARCO OLED,145000.0
SAMSUNG,A72 MARCO,95000.0
SAMSUNG,A72 MARCO OLED,145000.0
SAMSUNG,S20 FE OLED,140000.0
SAMSUNG,S21 FE OLED,180000.0
HUAWEI,Y5P,48000.0
HUAWEI,Y5 2018,45000.0
HUAWEI,Y5 2019,48000.0
HUAWEI,Y6P,48000.0
HUAWEI,Y6 2018,51000.0
HUAWEI,Y6 2019,46000.0
HUAWEI,Y7A,48000.0
HUAWEI,Y7P,46000.0
HUAWEI,Y7 2018,46000.0
HUAWEI,Y7 2019,46000.0
HUAWEI,Y7-Y7 PRIME,48000.0
HUAWEI,Y8P,52000.0
HUAWEI,Y9A,50000.0
HUAWEI,Y9 2018,50000.0
HUAWEI,Y9 2019 INCELL,48000.0
HUAWEI,Y9 2019 OLED,60000.0
HUAWEI,Y9 PRIME INCELL,46000.0
HUAWEI,Y9 PRIME OLED,61000.0
HUAWEI,Y70,50000.0
HUAWEI,MATE 10 LITE,50000.0
HUAWEI,MATE 20 LITE,50000.0
HUAWEI,PSMART 2018,51000.0
HUAWEI,PSMART 2019 INC,50000.0
HUAWEI,PSMART 2019 OLED,63000.0
HUAWEI,P9 LITE,50000.0
HUAWEI,P10 LITE,54000.0
HUAWEI,P20 INCELL,68000.0
HUAWEI,P20 LITE,50000.0
HUAWEI,P30 INCELL,53000.0
HUAWEI,P30 LITE OLED,58000.0
HUAWEI,P30 PRO INCELL,55000.0
HUAWEI,P30 PRO OLED,63000.0
HUAWEI,P40 LITE OLED,61000.0
HONOR_NOVA,X6-X6S,47000.0
HONOR_NOVA,X6A,48000.0
HONOR_NOVA,X7,50000.0
HONOR_NOVA,X7A,50000.0
HONOR_NOVA,X7C,52000.0
HONOR_NOVA,X7B,52000.0
HONOR_NOVA,X8,51000.0
HONOR_NOVA,8X,53000.0
HONOR_NOVA,X8A-HONOR 90 LITE,53000.0
HONOR_NOVA,X8B OLED,135000.0
HONOR_NOVA,HONOR 50 LITE-NOVA 8I,58000.0
HONOR_NOVA,NOVA 5T,55000.0
HONOR_NOVA,NOVA Y70,50000.0
MOTOROLA,ONE,50000.0
MOTOROLA,ONE HYPER,58000.0
MOTOROLA,ONE VISIÓN-ACTIÓN,130000.0
MOTOROLA,ONE FUSIÓN,47000.0
MOTOROLA,E4 PLUS,50000.0
MOTOROLA,E5 PLUS,51000.0
MOTOROLA,E5 PLAY,50000.0
MOTOROLA,E6 PLUS,48000.0
MOTOROLA,E6 PLAY,50000.0
MOTOROLA,E6S-E6I,47000.0
MOTOROLA,E7-E7 POWER-E7I,47000.0
MOTOROLA,E13-E23,48000.0
MOTOROLA,E20,48000.0
MOTOROLA,E30-E40,48000.0
MOTOROLA,E22,51000.0
MOTOROLA,E32,51000.0
MOTOROLA,G13-G23,50000.0
MOTOROLA,G4 PLAY,57000.0
MOTOROLA,G04-G24,47000.0
MOTOROLA,G05-G15-G15 POWER,51000.0
MOTOROLA,G14-654,50000.0
MOTOROLA,G6 PLAY,50000.0
MOTOROLA,G7 PLAY,50000.0
MOTOROLA,G7 PLUS-G7,57000.0
MOTOROLA,G7 POWER,48000.0
MOTOROLA,G8 POWER,54000.0
MOTOROLA,G8 POWER LITE,50000.0
MOTOROLA,G8 PLAY-ONE MACRO,52000.0
MOTOROLA,G8 PLUS,55000.0
MOTOROLA,G9 PLAY-E7 PLUS,49000.0
MOTOROLA,G9 PLUS,60000.0
MOTOROLA,G9 POWER,51000.0
MOTOROLA,G20-G30,50000.0
MOTOROLA,G20 MARCO,53000.0
MOTOROLA,G22,47000.0
MOTOROLA,G22 MARCO,53000.0
MOTOROLA,G31 ,49000.0
MOTOROLA,G32,57000.0
MOTOROLA,G34 5G,48000.0
MOTOROLA,G42,60000.0
MOTOROLA,G42 OLED,95000.0
MOTOROLA,G50,48000.0
MOTOROLA,G52-G82,59000.0
MOTOROLA,G60-G60S-G40-G51,52000.0
MOTOROLA,G60S VIDVIE,78000.0
MOTOROLA,G72,65000.0
MOTOROLA,G84,73000.0
XIAOMI,REDMI A1-A2,46000.0
XIAOMI,REDMI A3,47000.0
XIAOMI,REDMI A3 VIDVIE,56000.0
XIAOMI,REDMI A5,50000.0
XIAOMI,REDMI 8-8A,52000.0
XIAOMI,REDMI 9,48000.0
XIAOMI,REDMI 9A-9C-10A,49000.0
XIAOMI,REDMI 9A-9C-10C MARCO,57000.0
XIAOMI,REDMI 9T,46000.0
XIAOMI,REDMI 10,50000.0
XIAOMI,REDMI 10 5G-POCO M3 PRO,55000.0
XIAOMI,REDMI 12-13,52000.0
XIAOMI,REDMI 12 MARCO,63000.0
XIAOMI,REDMI 10C,50000.0
XIAOMI,REDMI 12C,50000.0
XIAOMI,REDMI13C,48000.0
XIAOMI,REDMI 14C,50000.0
XIAOMI,REDMI 15C,73000.0
XIAOMI,NOTE 7,48000.0
XIAOMI,MI 11 LITE,61000.0
XIAOMI,NOTE 8,47000.0
XIAOMI,NOTE 8 MARCO,65000.0
XIAOMI,NOTE 8 PRO,48000.0
XIAOMI,NOTE 8T,55000.0
XIAOMI,NOTE 9,48000.0
XIAOMI,NOTE 9 VIDVIE,66000.0
XIAOMI,NOTE 9S-9 PRO,51000.0
XIAOMI,NOTE 9S-9 PRO VIDVIE,70000.0
XIAOMI,NOTE 10 5G,52000.0
XIAOMI,NOTE 10-10S INC,50000.0
XIAOMI,NOTE 10S-10S MARCO,62000.0
XIAOMI,NOTE 10-10S OLED,120000.0
XIAOMI,NOTE 10 PRO-11 PRO-12 PRO INC,52000.0
XIAOMI,NOTE 10 PRO-11 PRO-12 PRO OLED,155000.0
XIAOMI,NOTE 10 PRO MARCO,62000.0
XIAOMI,NOTE 11-11S-12S INC,52000.0
XIAOMI,NOTE 11 MARCO,56000.0
XIAOMI,NOTE 11 OLED,115000.0
XIAOMI,NOTE 11 MARCO OLED,150000.0
XIAOMI,NOTE 11 5G,65000.0
XIAOMI,NOTE 12,52000.0
XIAOMI,NOTE 12 MARCO,59000.0
XIAOMI,NOTE 12 OLED,135000.0
XIAOMI,NOTE 13,52000.0
XIAOMI,NOTE 13 MARCO,66000.0
XIAOMI,NOTE 13 OLED,135000.0
XIAOMI,NOTE 13 PRO 4G INCELL,54000.0
XIAOMI,NOTE 13 PRO 4G OLED,143000.0
XIAOMI,NOTE 13 PRO 5G INC,70000.0
XIAOMI,NOTE 14,58000.0
XIAOMI,NOTE 14 OLED,145000.0
XIAOMI,NOTE 14 PRO OLED HUELLA,180000.0
XIAOMI,REDMI X3,53000.0
XIAOMI,REDMI X3 GT 4G,60000.0
XIAOMI,REDMI X3 PRO,63000.0
XIAOMI,POCO M4 PRO,65000.0
XIAOMI,POCO M5,65000.0
XIAOMI,MI 11T INCELL,78000.0
TECNO,POP 2F,50000.0
TECNO,POP 4,65000.0
TECNO,POP 4 LITE,49000.0
TECNO,POP 5,53000.0
TECNO,POP 5 LITE-GO 2022,48000.0
TECNO,SPARK 5-5PRO-HOT9,58000.0
TECNO,SPARK 5 AIR-POUVOAIR 4,54000.0
TECNO,SPARK 6 GO -SPARKT 7T,50000.0
TECNO,SPARK 6-CAMON 16-HOT 10,53000.0
TECNO,SPARK GO 01-SPARK 30C-POP 9-HOT 50I,49000.0
TECNO,GO 02,51000.0
TECNO,SPARK GO 2023-SPARK 10C-POPO 7-HOT 40I,49000.0
TECNO,SPARK GO 2024-SPARK 20C-SMART 8-POP 8,50000.0
TECNO,SPARK GO 2025,53000.0
TECNO,SPARK 7 PRO,57000.0
TECNO,SPARK 8C,49000.0
TECNO,SPARK 8T-8P-9PRO,53000.0
TECNO,SPARK 10 PRO-20 PRO-POVA 5,52000.0
TECNO,CAMON 15 PRO,60000.0
TECNO,CAMON 17-18P-18PRO,50000.0
TECNO,CAMON 20-20PRO-NOTE 30 PRO,52000.0
TECNO,SPARK 20 PRO PLUS OLED,185000.0
TECNO,SPARK 30 PRO-HOT 50 PRO PLUS,68000.0
TECNO,CAMON 30-POVA6-6 PRO-NOTE 40 5G,52000.0
TECNO,POVA NEO,60000.0
TECNO,POVA NEO 2-POVA 4,58000.0
TECNO,POVA 3-POVA 5,54000.0
INFINIX,SMART 6,55000.0
INFINIX,SMART 6 PLUS,65000.0
INFINIX,SMART 7-POP7,51000.0
INFINIX,NOTE 12,53000.0
INFINIX,HOT 10,50000.0
INFINIX,HOT 11 PLAY,55000.0
INFINIX,HOT 30 PLAY,55000.0
IPHONE,6,49000.0
IPHONE,6S,48000.0
IPHONE,6 PLUS,51000.0
IPHONE,6S PLUS,50000.0
IPHONE,7,49000.0
IPHONE,7 PLUS,52000.0
IPHONE,8,46000.0
IPHONE,8 PLUS,50000.0
IPHONE,X GX OLED,120000.0
IPHONE,X INCELL ,60000.0
IPHONE,XS GX OLED,118000.0
IPHONE,XS INCELL,62000.0
IPHONE,XS MAX GX OLED,145000.0
IPHONE,XR INCELL,58000.0
IPHONE,XR GX,65000.0
IPHONE,11 GX ,63000.0
IPHONE,11 PRO GX OLED,125000.0
IPHONE,11 PRO MAX GX OLED,150000.0
IPHONE,12-12 PRO GX OLED,160000.0
IPHONE,12 PRO MAX GX OLED,280000.0
IPHONE,12 JK,98000.0
IPHONE,13 JK,110000.0
IPHONE,13 PRO JK,160000.0
IPHONE,13 PRO MAX GX,255000.0
IPHONE,13 PRO MAX JK,185000.0
IPHONE,13 GX,180000.0
IPHONE,14 PRO JK,170000.0
IPHONE,14 GX,180000.0
OPPO,A15,55000.0
OPPO,A16-A54S-C25,50000.0
OPPO,A17-A57-A38,48000.0
OPPO,OPPO A78 4G-RENO 7 4G,56000.0
OPPO,A20-A80,50000.0
OPPO,A54,48000.0
OPPO,A58 4G- OPPO A79 5G-REALME C55 4G,52000.0
OPPO,RENO 5 LITE,55000.0
OPPO,RENO 6 LITE,60000.0
OPPO,RENO 5 LITE OLED,
NOKIA,G10-G20,52000.0
NOKIA,NOKIA 2.3,54000.0
NOKIA,NOKIA 2.4,49000.0
NOKIA,NOKIA 3.4-5.1,49000.0
NOKIA,NOKIA 5.3,58000.0
NOKIA,NOKIA 5.4,55000.0
ZTE,A34,53000.0
ZTE,A51-A71,55000.0
ZTE,A54,50000.0
VIVO,Y11S-Y12S-Y20-Y20S-Y20I-Y15S-Y17,50000.0
VIVO,Y03-Y18-Y18I-Y18E,49000.0
VIVO,Y21-Y21S-Y16,48000.0
VIVO,Y22S,50000.0
VIVO,Y27-Y36,52000.0
VIVO,Y30-Y30I-Y50-Y70,51000.0
VIVO,Y33-y33s-y51,50000.0
VIVO,Y53-Y53S,55000.0
REALME,C3,55000.0
REALME,C11 2021,53000.0
REALME,C15,53000.0
REALME,C21Y,55000.0
REALME,2025-07-06 00:00:00,54000.0
REALME,6I,55000.0
REALME,7I,55000.0
REALME,7Y,60000.0
REALME,C35,55000.0
REALME,C55,52000.0
LG,LG K41S,53000.0
LG,LG K61,49000.0
LG,A02-A12,63000.0
LG,A02S-A03-A03S,57000.0
LG,A04S,58000.0
LG,A05,58000.0
LG,A13 4G MARCO,61000.0
LG,A14 MARCO,67000.0
LG,A15 MARCO,71000.0
LG,A21S SIN MARCO,58000.0
LG,A21S MARCO,61000.0
LG,A22 4G,73000.0
LG,A24 MARCO,73000.0
LG,A30S MARCO,61000.0
LG,A31 MARCO,66000.0
LG,A32 4G MARCO,67000.0
LG,A34 MARCO,79000.0
LG,A52 ,80000.0
LG,A70 MARCO,80000.0
LG,NOTE 8,58000.0
LG,NOTE 10S,68000.0
LG,NOTE 10 PRO,67000.0
LG,NOTE 11,68000.0
LG,NOTE 12 PRO PLUS 5G,130000.0
LG,REDMI 9T,63000.0
LG,REDMI 9A-9C,57000.0
LG,REDMI 10,66000.0
LG,REDMI 10C,68000.0
LG,REDMI 12C,58000.0
LG,REDMI 13C,60000.0
LG,REDMI 14C,59000.0
LG,SPARK GO 2024,60000.0
LG,SPARK GO 30C,60000.0
LG,SPARK 10 PRO,71000.0
LG,Y9 PRIME ,59000.0
LG,Y9 2019,59000.0
LG,P30 LITE ,43000.0
LG,MOTO G8 PLUS,58000.0
LG,MOTO G04S,58000.0
LG,MOTO G20,58000.0
LG,MOTO G24,60000.0
LG,MOTO G60S,68000.0
LG,OPPO A54,58000.0
LG,OPPO A57,58000.0
LG,IPHONE 7,55000.0
LG,IPHONE 8 PLUS,58000.0
LG,IPHONE 11,72000.0
